head,subhead,shortname,description,date,playlist,created_at,updated_at,front_file_name,front_content_type,front_file_size,front_updated_at,image1_file_name,image1_content_type,image1_file_size,image1_updated_at,image2_file_name,image2_content_type,image2_file_size,image2_updated_at
"OPHÉLIE GAILLARD, violoncelle, avec l’orchestre du Festival sous la direction de Jonathan Haskell",Vendredi 31 août 20h.30 dans le parc du château de Tannay,Ophélie Gaillard,"Lauréate de plusieurs concours internationaux, cette virtuose franco-suisse est l’invitée des principaux festivals européens et se produit dans les salles les plus prestigieuses. « Diapason d’or » 2011, Ophélie Gaillard, dont le Times saluait « le doigté de magicienne » nous fera partager sa passion pour le violoncelle.",2012-08-31 20:30:00,"---
- Mozart, ouverture de Don Juan
- Dvorak, rondo op. 94
- Grieg, suite Holberg op. 40
- Schumann, concerto pour violoncelle et orchestre op. 129
",2013-12-12 20:48:56.711935,2014-03-17 14:16:00.411889,1OGaillard570.jpg,image/jpeg,98495,2013-12-12 20:48:55.608957,1OGaillard570.jpg,image/jpeg,98495,2013-12-12 20:48:56.125895,,,,
"KHATIA ET GVANSA BUNIATISHVILI, piano",Dimanche 2 septembre 17h. dans le parc du château de Tannay,Les soeurs Buniatishvili,"« Khatia Buniatishvili a tout pour plaire : un passé d’enfant prodige, des récompenses multiples, un port de reine, un sourire gourmand ». Celle que beaucoup considèrent comme une « nouvelle Martha Argerich » est sans doute l’un des plus grand talents qu’on puisse entendre aujourd’hui. Elle se produit ici avec sa soeur Gvantsa Buniatishvili, elle-même pianiste de renom.",2012-09-02 17:00:00,"---
- Schubert, fantaisie pour piano à 4 mains en fa min., D 940
- Rachmaninov, suite no. 2 pour deux pianos, op.17
- Gershwin, fantaisie pour deux pianos « Porgy and Bess »
- Ravel, valse pour deux pianos
",2013-12-12 21:19:20.641185,2014-03-17 14:17:23.887671,1Khatia260.jpg,image/jpeg,18023,2013-12-12 21:19:19.758694,1Khatia539.jpg,image/jpeg,38645,2013-12-12 21:19:20.049408,1Gvantsa288.jpg,image/jpeg,14675,2013-12-12 21:19:20.360007
"",L'abonnement 2013 permet un libre accès à tous les concerts de l'édition de cette année,Abonnement,Choisissez l'option abonnement aux Variations Musicales de Tannay pour avoir accès à l'entier de la programmation à tarif avantageux. Vous pouvez l'acheter à la billetterie.,2013-09-01 16:00:10,"---
- Maurice Ravel (1875-1937) Sonatine (Modéré - Mouvement de menuet - Animé)
- Franz Liszt (1811-1886) Rhapsodie hongroise n°6
- Wolfgang-Amadeus Mozart (1756-1791) Concerto pour piano et orchestre n°21, K.467
  (Allegro - Andante - Allegro vivace assai)
- Entracte
- Samuel Barber (1910-1981) Adagio pour cordes
- Dmitri Chostakovitch (1906-1975) Concerto pour piano, trompette et orchestre à cordes
  op.35 (Allegretoo - Lento - Moderato - Allegro con brio)
",2013-05-06 16:34:38,2014-04-10 16:28:54.977552,,,,,,,,,,,,
"ALEXANDRE THARAUD, récital","Vendredi 26 août 2011, 20h30 au château de Tannay",Alexandre Tharaud,"Né à Paris en 1968, Alexandre Tharaud entre au conservatoire à l’âge de six ans. Dès 1983, il suit les cours de Germaine Mounier et obtient trois ans plus tard son premier prix de piano. Dès lors, il ira de succès en succès autant en concert qu’en enregistrant régulièrement des CD qui font à chaque fois événement.",2011-08-26 20:30:00,"---
- 'François Couperin (1668-1733) 5 pièces: Passacaille, Les Ombres errantes, La Triomphante,
  Le Carillon de Cythère, Tic Toc Choc ou Les Maillotins'
- 'Ludwig van Beethoven (1770-1827): Sonate n°30 en mi majeur, op.109 (Vivace ma non
  troppo - Adagio expressivo - Prestissimo - Andante, molto cantabile con expressivo
  et Variations I à VI)'
- Entracte
- Claude Debussy (1826-1918) Préludes, livre I
",2014-04-10 15:58:10.619399,2014-04-10 18:37:43.727562,tharaud.jpg,image/jpeg,45828,2014-04-10 15:58:09.232282,tharaud2.jpg,image/jpeg,167249,2014-04-10 15:58:09.92744,,,,
"L'Ensemble Intermezzo, sous la direction d'Ahmed Hamdy","Samedi 31 août, à 16h.30 au château de Tannay.",L'Ensemble Intermezzo,"Concert à l’intention des enfants avec des musiciens de l’Orchestre de chambre de Genève et de l’ensemble da Capo, trois solistes, un chœur d’enfants et avec le concours de Casilda Regueiro, récitante.",2013-08-31 15:30:00,"---
- 'Mozart : Bastien et Bastienne : opéra en un acte'
",2013-05-06 16:34:38,2013-12-09 06:37:21.459601,,,,,,,,,,,,
"L'ENSEMBLE INTERMEZZO, sous la direction d’AHMED HAMDY, avec Joan Mompart, récitant",Samedi 1er septembre 17h. dans le parc du château de Tannay,L'Ensemble Intermezzo,"Etant destiné aux enfants, petits et grands, ce concert est gratuit. Dès 16h., il sera précédé d'un goûter offert aux enfants par la banque Mirabaud.",2012-09-01 17:00:00,"---
- Poulenc, l’histoire de Babar le petit éléphant
",2013-12-12 20:57:47.713065,2013-12-12 21:01:48.22386,,,,,,,,,,,,
NEMANJA RADULOVIC violon et LAURE FAVRE-KAHN piano avec la CAMERATA MENUHIN,Samedi 1 septembre 20h.30 dans le parc du château de Tannay,Nemanja Radulovic et Laure Favre-Kahn,"Révélation internationale de l’année 2005 et nominé en 2012 aux « Victoires de la Musique », Nemanja Radulovic s’est produit avec les plus grands orchestres en Europe, en Asie et en Amérique. « Au-delà de ses prouesses techniques, ce brillant interprète doit sa renommée à sa capacité d’entrer en communion avec son public : pas d’artifice, mais une attitude profondément généreuse ».",2012-09-01 20:30:00,"---
- Vivaldi, concerto pour 4 violons en si min.
- Holst, Suite St. Paul no. 1 pour orchestre à cordes
- Britten, simple symphony op. 4 pour orchestre à cordes
- Mendelssohn, double concerto en ré min. pour violon, piano et orchestre
",2013-12-12 21:06:23.722447,2013-12-12 21:08:53.929666,1Nemanja260.jpg,image/jpeg,57068,2013-12-12 21:06:22.572902,1Nemanja570.jpg,image/jpeg,186726,2013-12-12 21:06:22.904482,1Laure570.jpg,image/jpeg,81594,2013-12-12 21:06:23.338561
"ARTHUS PIANO TRIO avec Simone Flükiger violon, HunJu Sohnn piano et Arthur Guignard violoncelle","Dimanche 26 août, 17h. concert à la Fondation Engelberts",ArtHus Piano Trio,"Après avoir obtenu un brillant diplôme d’enseignement et de concert à la Haute École de Musique de Genève, Simone Flükiger a poursuivi ses études musicales à Londres et Berlin. Elle est membre remplaçante de l’OSR ainsi que de l’Orchestre de la radio de Berlin avec lequel elle vient d’effectuer une tournée d’un mois au Japon et en Corée. Pianiste coréenne, HunJu Sohn s’est quant à elle produite en soliste et en musique de chambre dans de nombreux pays, en Europe, aux Etats-Unis et en Asie. Elle est régulièrement invitée au Festival de Verbier. Artur Guignard, violoncelliste, est pour sa part lauréat de nombreux prix internationaux.",2012-08-26 17:00:00,"--- []
",2013-12-12 20:39:58.820962,2014-03-17 13:41:08.451396,1Arthus260.jpg,image/jpeg,73438,2013-12-12 20:39:57.996828,1Arthus570.jpg,image/jpeg,241401,2013-12-12 20:39:58.379386,,,,
"Nicholas Angelich, piano, récital","Samedi 31 août, à 20h. au château de Tannay",Nicolas Angelich,"Né aux Etats Unis en 1970, Nicholas Angelich donne son premier concert à 7 ans et entre à 13 ans au Conservatoire National Supérieur de Paris où il étudie avec Aldo Ciccolini, et Michel Beroff. En 2003, il fait ses débuts avec le New York Philharmonic et Kurt Masur . On pourra ensuite l’entendre dans les plus grands festivals, notamment à Verbier ainsi qu’au Festival Martha Argerich de Lugano. Nicholas Angelich s’est produit ces dernières années avec les plus grands orchestres symphoniques, mais il est aussi passionné de musique de chambre, aux côtés, notamment, de Joshua Bell, Maxim Vengerov, Renaud et Gautier Capuçon. Il a été désigné cette année « meilleur soliste instrumental » aux « Victoires de la Musique Classique »",2013-08-31 19:00:00,"---
- 'Beethoven(1770-1827): Sonate op.10 n°1'
- 'Chopin (1810-1849): 2 Nocturnes op.55 n°1 et 2, 4 études op.25 n°1 et op.10 n°10
  - 11 - 12'
- Entracte
- 'Schumann(1810-1856): Kreisleriana op.16 (huit pièces)'
",2013-12-12 09:44:56.313361,2014-03-17 14:10:29.605352,7.jpg,image/jpeg,13648,2013-12-12 09:44:54.999354,7.jpg,image/jpeg,21825,2013-12-12 09:44:55.587387,,,,
"Marielle et Katia Labèque, piano","Dimanche 25 août, à 17h. au château de Tannay",Marielle et Katia Labèque,"Les Variations Musicales de Tannay » accueillent en ouverture du Festival 2013 les « deux sœurs pianistes les plus célèbres de la scène classique internationale ». Formées au conservatoire de Paris, elles ont remporté de nombreux prix et  l’impressionnante variété de leur répertoire les fait jouer aux quatre coins de la planète : New York, Berlin, Vienne, Londres...ainsi que dans les orchestres les plus prestigieux sous la direction des plus grands.",2013-08-26 17:00:00,"---
- 'Debussy : Nuages et fêtes'
- 'Ravel : Rapsody espagnole'
- 'Gershwin : trois préludes'
- 'Philip Glass : quatre mouvements pour deux pianos'
",2013-12-12 08:46:11.632249,2014-03-17 13:54:05.181094,artistes_2013_3_260.jpg,image/jpeg,54508,2013-12-12 08:46:09.206765,1.jpg,image/jpeg,208058,2013-12-12 08:46:10.296128,,,,
"Béatrice Berrut, piano, avec l’orchestre du festival composé de musiciens de l’Orchestre de la Suisse romande, sous la direction de Jonathan Haskell","Vendredi 30 août, à 20h. au château de Tannay",Béatrice Berrut,"Beatrice Berrut est née en 1985 dans le canton du Valais. Elle a déjà derrière elle une très belle carrière internationale. Et son dernier album consacré à l’intégrale des sonates de Schumann donne à entendre un souffle lyrique véritable et un grand soin apporté aux détails. Au début de cette année 2013, on a pu l’entendre au Victoria Hall de Genève, invitée par les Amis de l'OSR. Gidon Kremer la décrit comme «  une artiste à la sensibilité et à l'engagement impressionnants »",2013-08-30 19:00:00,"---
- 'Sibelius(1865-1957): Romance pour cordes  op.42'
- 'Mozart(1776-1791): Concerto no.27, en si bémol K 595 (Allegro - Larghetto - Allegro)'
- Entracte
- 'Fauré(1845-1924): Pelléas et Màlisande (Prélude -  Fileuse - Chanson de Mélisande
  - Sicilienne - La mort de Mélisande)'
- 'Schumann(1810-1856): Concerto pour piano en la mineur op.54 (Allegro affettuoso
  - Intermezzo : andantino grazioso - Allegro vivace)'
",2013-12-12 09:39:40.661577,2014-03-17 13:58:36.062054,3.jpg,image/jpeg,60341,2013-12-12 09:39:39.418933,3.jpg,image/jpeg,161921,2013-12-12 09:39:40.051228,,,,
"Edgar Moreau, violoncelle, avec l’Orchestre du Festival sous la direction de Jonathan Haskell",Dimanche 1er septembre à 17h. au château de Tannay,Edgar Moreau,"« Révélation Instrumentale 2013 » des Victoires de la Musique Classique, Edgar remporte à 17 ans le Deuxième Prix du XIVème Concours Tchaïkovski à Moscou en juillet 2011 sous la présidence de Valery Gergiev où il s’est vu décerner aussi le Prix de la meilleure œuvre contemporaine. Il est également lauréat du dernier Concours Rostropovitch en 2009 avec le Prix du Jeune Soliste.",2013-09-01 16:00:00,"---
- 'Elgar(1857-1834): Sérénade pour cordes en mi mineur op.20 (Allegro piacevole –
  Larghetto – Allegretto)'
- 'Haydn(1732 – 1809): Concerto n°1 en ut majeur Hob.VII b1 (Moderato – Adagio – Finale
  :  Allegro molto)'
- 'Tchaïkovsky (1840 – 1893): Andante cantabile en ré majeur op.11'
- Entracte
- 'Tchaïkovsky(1840 – 1893): Elégie de la Sérénade pour cordes (Larghetto elegiaco)'
- 'Holst(1874 – 1934): St. Paul’s Suite pour cordes'
- 'Mozart (1776 – 1791): Symphonie n°34 en do majeur K 238 ( Allegro vivace – Andante
  – Finale : allegro vivace)'
",2013-12-12 09:52:44.30434,2014-03-17 14:09:45.014606,5.jpg,image/jpeg,52436,2013-12-12 09:52:42.984454,5.jpg,image/jpeg,115121,2013-12-12 09:52:43.602759,,,,
"David Greilsammer, en récital, piano et piano préparé, avec le soutien de la Fondation Engelberts pour les arts et la culture","Mercredi 28 août, à 20h. au château de Tannay",David Greilsammer,"Né à Jérusalem, sacré « révélation » aux Victoires de la musique en 2008, David Greilsammer est reconnu comme l’un des artistes les plus audacieux et visionnaires de sa génération. En tant que pianiste, il s’est produit dans les plus grandes salles et a collaboré avec les plus grands orchestres.  Il propose à Tannay, et  en première suisse romande, une performance pianistique qui consiste à mettre en correspondance es sonates de Scarlatti et de Cage, passant d’un piano à l’autre, d’une sonate baroque à une sonate contemporaine et inversément.",2013-08-28 19:00:00,"---
- 'Scarlatti(1685-1757) et Cage(1912-1992): 15 sonates'
",2013-12-12 09:23:21.043021,2013-12-12 09:25:25.58607,2.jpg,image/jpeg,46949,2013-12-12 09:23:19.192512,2.jpg,image/jpeg,46949,2013-12-12 09:23:20.227967,,,,
MELODIE ZHAO sous la direction de Jonathan Haskell avec un groupe de musiciens de l'OSR,"Samedi 27 août 2011, 20h30 au château de Tannay",Melodie Zhao,"Pianiste suisse d’origine chinoise, Mélodie Zhao est née en 1994 en Gruyère, dans une famille de musiciens. Elle a commencé l’étude du piano à trois ans déjà. A neuf ans, elle entre au Conservatoire de Genève, puis quatre ans plus tard à la Haute Ecole de Musique de Genève, dans la classe de Pascal Devoyon.",2011-08-27 20:30:00,"---
- Maurice Ravel (1875-1937) Sonatine (Modéré - Mouvement de menuet - Animé)
- Franz Liszt (1811-1886) Rhapsodie hongroise n°6
- Wolfgang-Amadeus Mozart (1756-1791) Concerto pour piano et orchestre n°21, K.467
  (Allegro - Andante - Allegro vivace assai)
- Entracte
- Samuel Barber (1910-1981) Adagio pour cordes
- Dmitri Chostakovitch (1906-1975) Concerto pour piano, trompette et orchestre à cordes
  op.35 (Allegretoo - Lento - Moderato - Allegro con brio)
",2014-04-10 16:16:10.375174,2014-04-10 16:30:36.464414,FotosMittel2_melodie_zhao.jpg,image/jpeg,46674,2014-04-10 16:16:08.316407,FotosMittel3_melodie_zhao.jpg,image/jpeg,50809,2014-04-10 16:16:09.061399,,,,
ELIZABETH SOMBART avec l'Orchestre Solidaire Résonnance de Barcelone sous la direction de Diego Miguel-Urzanqui,"Dimanche 28 août 2011, 17h au château de Tannay",Elizabeth Sombart,"Née à Strasbourg, Elizabeth Sombart a commencé l’étude du piano à sept ans. Elle entre au Conservatoire de sa ville natale et se produit pour la première fois en public à l’âge de onze ans. Après avoir obtenu le Premier Prix National de piano et de musique de chambre à seize ans, elle décide de quitter la France pour perfectionner son art à Buenos Aires avec Bruno-Léonardo Gelber. Elle complète ensuite sa formation auprès de grand maîtres Peter Feuchtwanger à Londres et Sergiu Celibidache avec lequel elle poursuivra des études de phénoménologie musicale.",2011-08-28 17:00:00,"---
- Frédéric Chopin (1810-1849) Concerto en Fa mineur pour piano et orchestre, op.21
  n°2
- Frédéric Chopin (1810-1849) Andante spianato et Grande Polonaise brillante pour
  piano et orchestre, op.22 en mib majeur
- Entracte
- Wolfgang-Amadeus Mozart (1756-1791) Symphonie en Sol mineur, n°40 KV 550 (Molto
  allegro - Andante - Menuetto Allegretto - Allegro Assai)
",2014-04-10 16:35:45.145607,2014-04-10 16:44:57.752635,Elisabeth_Sombart_elizabeth_sombart_portrait.jpg,image/jpeg,61827,2014-04-10 16:35:43.05875,60497358_640.jpg,image/jpeg,13346,2014-04-10 16:35:44.198222,,,,
"Camille Thomas, violoncelle, et l'Orchestre du Festival, musiciens de l'OSR sous la direction de Jonathan Haskell","Samedi 22 août, à 20h.",Camille Thomas,"Nommée aux Victoires de la Musique dans la catégorie Révélation Soliste instrumentale de l’année 2014, la jeune violoncelliste franco-belge Camille Thomas est considérée comme une des musiciennes les plus prometteuses de sa génération. Elle vient de remporter le 1er Prix au Concours de l’Union européenne de radiotélévision (UER) et elle est nommée «NewTalent of the Year 2014». ",2015-08-22 20:00:00,"---
- Ludvig van Beethoven (1770-1827)
- Ouverture de Coriolan en ut mineur, op. 62
- Antonin Dvorak (1841-1904)
- Danse slave op. 46 n°8
- Camille Saint-Saëns (1835-1904)
- Concerto pour violoncelle n°1 en la mineur, op. 33
",2015-05-05 10:45:41.727821,2015-07-21 23:35:06.880428,_DSC7444.jpg,image/jpeg,22374,2015-05-05 10:45:40.737825,_DSC7444.jpg,image/jpeg,22374,2015-05-05 10:45:41.292441,,,,
"Renaud Capuçon, violon et Jérôme Ducros, piano, en duo","Dimanche 23 août, à 17h.",Renaud Capuçon et Jérôme Ducros,"Né à Chambéry en 1976, Renaud Capuçon étudie au Conservatoire National Supérieur de Musique de Paris, puis avec Thomas Brandis à Berlin, et Isaac Stern. En 1998, Claudio Abbado le choisit comme Konzertmeister du Gustav Mahler Jugendorchester, ce qui lui permet de parfaire son éducation musicale avec Pierre Boulez, Seiji Ozawa, Daniel Barenboim et Franz Welser-Moest. En 2000, il est nommé « Rising Star » et « Nouveau talent de l’Année » aux Victoires de la Musique puis « Soliste instrumental de l’année » en 2005.  En 2006,  il reçoit le Prix Georges Enesco décerné par la Sacem.",2015-08-23 17:00:00,"---
- Wolfgang Amadeus Mozart (1756 -1791)
- Sonate pour violon et piano en sol majeur, K 301
- Erich Wolfgang Korngold (1897-1957)
- Sonate en ré majeur, op. 6
- Wolfgang Amadeus Mozart (1756 -1791)
- Sonate pour violon et piano n°28 en mi mineur, K 304
- Richard Strauss (1864-1949)
- Sonate en mi bémol majeur, op. 18
",2015-05-05 11:01:33.391664,2015-07-21 23:31:05.063942,thumbs_renaud-capucon-c-darmigny_1.jpg,image/jpeg,41666,2015-05-05 11:01:31.519154,renaud-capucon-c-darmigny_1.jpg,image/jpeg,85602,2015-05-05 11:01:32.12015,PHO3062e2e4-cc5e-11e2-a3c6-772827f74e0f-805x453.jpg,image/jpeg,68367,2015-05-05 11:01:32.852822
"Trio Wanderer (Vincent Coq, piano, Jean-Marc Phillips-                                                                             Varjabédian, violon, Raphaël Pidoux, violoncelle)","Samedi 30 août, à 20h au château de Tannay",Trio Wanderer,"Célébré dans la presse internationale pour un jeu d'une extraordinaire sensibilité, une complicité presque télépathique et une parfaite maîtrise instrumentale, le Trio Wanderer est actuellement une des meilleures formations  de musique de chambre au monde. Formé auprès de grands maîtres comme Menahem Pressler du Beaux-Arts Trio et les membres du Quatuor Amadeus, il est lauréat de nombreux concours et ses membres animent aujourd'hui les master-classes de musique de chambre du Festival de la Roque d'Anthéron. Le Trio Wanderer a été distingué par les Victoires de la musique à trois reprises comme meilleur ensemble instrumental de l'année. Il a fêté ses 25 ans en 2012. Tous issus du Conservatoire National Supérieur de Musique de Paris, ses membres ont choisit le voyage comme emblème. Celui, intérieur, qui les lie étroitement à Schubert et au romantisme allemand et celui, ouvert et curieux, qui explore le répertoire de Haydn à la musique d'aujourd'hui.",2014-08-30 20:00:00,"---
- 'Schubert: Trio op.100, en Mi bémol majeur, n°2'
- Entracte
- 'Tchaikovsky: Trio op.50, en La mineur'
",2014-04-14 17:06:13.1839,2014-04-14 17:23:17.379482,Trio_Wanderer_2_(photo_Marco_Borggreve).jpg,image/jpeg,137391,2014-04-14 17:06:11.611645,Trio_Wanderer_(photo_Marco_Borggreve).JPG,image/jpeg,1822476,2014-04-14 17:06:12.038215,,,,
"L’ensemble Intermezzo, sous la direction d’Ahmed Hamdy, avec la collaboration de Joan Mompart, récitant","Samedi 30 août, à 16h30 au château de Tannay. Concert gratuit à l’intention des enfants et des familles",Intermezzo,"C'est à l'intention des enfants de quelques amis  que Ravel écrivit cette suite, tout d’abord pour piano à quatre mains qu’il transposa ensuite pour orchestre symphonique.  « Ma mère l'Oye »,  composée d'après des contes de Charles Perrault, témoigne du goût du musicien pour une thématique « enfantine » que l'on retrouva également plus tard dans « L'Enfant et les Sortilèges ». La version pour piano était conçue pour être exécutée par de jeunes mains et sa création publique, le 20 avril 1910, fut l'œuvre de deux enfants âgés respectivement de six et dix ans. Elle fut publiée en 1910 avec le sous-titre «  Cinq Pièces enfantines » et comporte cinq mouvements. La version orchestrale est présentée ici avec des textes inédits inspirés des contes de Perrault",2014-08-30 16:30:00,"---
- 'Ravel: Ma Mère l’Oye, suite pour orchestre d’après des contes de Charles Perrault'
- Pavane de la Belle au bois dormant
- Petit poucet
- Laideronnette, Impératrice des Pagodes
- Les entretiens de la Belle et la Bête
- Le jardin féerique
",2014-04-30 13:54:12.369732,2014-04-30 13:58:00.869604,phpThumb_generated_thumbnailjpg.jpeg,image/jpeg,8529,2014-04-30 13:54:08.380826,_DSF1045-1.jpg,image/jpeg,7827668,2014-04-30 13:54:08.748159,,,,
"Renaud Capuçon, violon, avec l’Orchestre du Festival sous la                                  direction de Jonathan Haskell","Dimanche 24 août, à 17h au château de Tannay",Rendau Capuçon,"Les « Variations Musicales de Tannay »  accueillent en ouverture du Festival 2014 le grand violoniste Renaud Capuçon. Né à Chambéry en 1976, Renaud Capuçon est entré au conservatoire de sa ville natale à 4 ans, puis il intègre le Conservatoire national supérieur de musique de Paris à l’âge de 14 ans. Il en ressort trois ans plus tard avec un premier prix de musique de chambre et un premier prix de violon. Durant les années qui suivent, il participe à de nombreux concours internationaux, et intègre  l’Orchestre des jeunes Gustav Malher (en tant que pre¬mier violon) sous la direction de Claudio Abbado. Il entreprend en parallèle une impressionnante carrière de soliste, mais également de chambriste.",2014-08-24 17:00:00,"---
- 'Rossini: La scala di Seta'
- 'Mozart: Adagio et Grande fugue (pour cordes)'
- 'Bach: Concerto en La mineur BWV 1041'
- Entracte
- 'Bach: Concerto en Mi majeur BWV 1042'
- 'Beethoven: Symphonie No.1 en Do'
",2014-04-30 22:34:58.656415,2014-04-30 22:38:35.69046,pfile151202_activity11109.jpg,image/jpeg,2180311,2014-04-30 22:34:55.179303,renaud-capucon.jpg,image/jpeg,2747327,2014-04-30 22:34:56.372404,IMG_0647.jpg,image/jpeg,90177,2014-04-30 22:34:58.160408
"Avi Avital, mandoline, avec l’Orchestre du Geneva Camerata sous la direction de David Greilsammer","Dimanche 31 août, à 17h au château de Tannay",Avi Avital,"Né en 1978, Avi Avital a commencé la mandoline à l’âge de huit ans. Après avoir étudié à l’Académie de Musique de Jérusalem, il poursuit sa formation au Conservatoire Cesare Pollini de Padoue avec le mandoliniste Ugo Orlandi. Il y apprend tout le répertoire original pour mandoline. En 2007, il gagne le premier prix du célèbre concours pour solistes « Aviv Competition» et devient ainsi le premier mandoliniste à recevoir cette reconnaissance. Il est également nominé en 2010 pour les prestigieux « Grammy Awards », dans la catégorie du Meilleur Soliste Instrumental. Avi Avital a fortement élargi le répertoire et les horizons de la mandoline, lui offrant un nouveau souffle, faisant ainsi découvrir son instrument à de nouveaux publics dans le monde entier. Il s’est produit à de nombreuses reprises aux Etats-Unis, en Europe, en Afrique du Sud et en Asie, dans les salles les plus prestigieuses et avec de nombreux orchestres de grande renommée internationale.",2014-08-31 17:00:00,"---
- 'Johann Christophe Friedrich Bach: Symphonie en ré mineur'
- 'Jean-Sébastien Bach: Concerto pour clavecin en ré mineur, interprété à la mandoline'
- Entracte
- 'Johann Bernhard Bach: Suite en sol mineur, ouverture'
- 'Carl Philipp Emanuel Bach: Concerto pour flûte en ré mineur, interprété à la mandoline'
",2014-04-30 14:55:40.80406,2015-05-05 10:43:41.779411,Avi_Avital_1_©_Uwe_Arens_DG.jpg,image/jpeg,35689,2014-04-30 14:55:38.23593,Avi_Avital_2_©_Uwe_Arens_DG.jpg,image/jpeg,393831,2014-04-30 14:55:38.6873,,,,
"Edgar Moreau, violoncelle et Pierre-Yves Hodique, piano","Jeudi 28 août, à 20h au château de Tannay",Edgar Moreau et Pierre-Yves Holdique,"Né en 1994 à Paris, le jeune Edgar Moreau commence le piano à quatre ans ainsi que le violoncelle avec Carlos Beyris. En 2009, il reçoit le prix « Jeune Soliste » du concours Rostropovitch, puis se distingue au prestigieux concours Tchaïkovski alors qu’il n’a que 17 ans. Invité dans de nombreux festivals – l’hiver dernier encore aux Sommets Musicaux de Gstaad, Edgar Moreau a été élu en 2013 aux Victoires de la Musique dans la catégorie « Révélation soliste instrumental de l’année ». Accompagné par l’orchestre du festival, il avait remporté l’an dernier un très beau succès aux Variations Musicales de Tannay. C’est pourquoi nous sommes particulièrement heureux de l’accueillir une nouvelle fois, en duo, avec Pierre-Yves Hodique. Admis à l'unanimité au Conservatoire de Paris en 2008,  Pierre-Yves a étudié le piano avec Jean-François Heisser et Marie-Josèphe Jude et la musique de chambre avec Daria Hovora puis Claire Désert. Lauréat de plusieurs prix, il vient d’enregistrer avec Edgar Moreau un CD chez Erato/Warner qui est déjà RTL d'OR et Diapason d'or «découverte».",2014-08-28 20:00:00,"---
- 'Beethoven: Sonate pour violoncelle et piano n°2 en sol mineur, op.5 n°2'
- 'Brahms: Sonate pour violoncelle et piano n°1 en mi mineur, op.38'
- Entracte
- 'Prokoviev: Sonate pour violoncelle et piano en ut majeur op.119'
- 'Chopin: Introduction et Polonaise brillante en ut majeur, op.3'
- 'Paganini: Variations Moses'
",2014-04-30 23:21:42.288878,2014-05-04 13:35:08.950389,Edgar_Moreau(c)Julien_Mignot-ERATO.jpg,image/jpeg,3741033,2014-04-30 23:21:34.614164,E.Moreau(c)Julien_Mignot-ERATO.jpg,image/jpeg,4850257,2014-04-30 23:21:37.326032,Piere-Yves_Hodique_(c)_Caroline_Doutre.JPG,image/jpeg,1270547,2014-04-30 23:21:40.178753
"Laure Favre-Kahn, piano, dans un spectacle « Chopin...Confidences » accompagnée par la voix de Charles Berling","Jeudi 27 août, à 21h.",Laure Favre-Khan,"“Du célèbre disque de Dinu Lipatti à celui de Jean-Marc Luisada, sans oublier Rubinstein et quelques autres, Laure Favre-Kahn réussit ce miracle de les faire oublier tous. Parce qu’elle allie la rigueur et la grâce, la pudeur de la nostalgie et l’engagement expressif d’une âme qui se raconte ; parce qu’elle possède aussi une sonorité raffinée avec des couleurs subtiles et multiples, un art de la flexion, de la nuance, une respiration qui vient du cœur ; parce qu’elle est virtuose et poète et qu’elle sait faire ses charmants croquis de poèmes qui résonnent longtemps. Parce que, en fait, elle fait redécouvrir ces valses comme des bijoux toujours neufs.” Classique d’or RTL, Alain Duault",2015-08-27 21:00:00,"---
- Un portrait musical intime et passionné (Mazurkas, valses, préludes et nocturnes)
",2015-05-05 11:15:36.645557,2015-05-30 17:43:27.269082,13CD1202LFK_0317.JPG,image/jpeg,3733532,2015-05-05 11:15:26.931417,13CD1202LFK_0317.JPG,image/jpeg,3733532,2015-05-05 11:15:31.693868,,,,
"Louis Schwizgebel-Wang, piano, et Rachel Kolly d’Alba, violon, avec l’Orchestre de Chambre de Genève, sous la direction de Jonathan Haskell","Vendredi 29 août, à 20h au château de Tannay",Louis Schwizgebel-Wang,"Louis Schwizgebel-Wang a étudié le piano dès l’âge de six ans. Trois ans plus tard, il accédait au niveau supérieur du Conservatoire de Lausanne ; à quinze ans, il en obtenait le diplôme de soliste avec les félicitations du jury. Il a vu sa carrière prendre son envol en 2005, après avoir remporté trois prix au Concours de Genève. Il était alors âgé de 17 ans. Dans la foulée, il remportait le premier prix aux auditions internationales des Young Concert Artists à New York, assorti de huit prix spéciaux. Depuis, il s’est produit sur quelques-unes des scènes les plus prestigieuses de la planète classique: le Carnegie Hall de New York, le Wigmore Hall de Londres, le Musikverein de Vienne ou encore le KKL de Lucerne.

Considérée par beaucoup comme la meilleure soliste suisse de sa génération, Rachel Kolly d'Alba, commence le violon et le piano à l'âge de cinq ans. Elle obtient un diplôme d'enseignement à 15 ans au Conservatoire de Lausanne. Elle poursuit ses études à la Berner Musikhochschule. Par la suite, sa formation l'amène à  Paris. Elle se perfectionne avec notamment  Franco Gulli et Ivry Gitlys ,ainsi que Thomas Kakuska (Quatuor Alban Berg). Elle étudie également l'orchestration ainsi que la composition.",2014-08-29 20:00:00,"---
- 'Mendelssohn: Ouverture des Hébrides'
- 'Mendelssohn: Double concerto pour violon, piano et orchestre'
- Entracte
- 'Haydn: Symphonie n°100'
- 'Bartok: Danses populaires roumaines'
",2014-04-30 23:46:39.352712,2014-07-07 14:15:15.853768,LSRC.jpg,image/jpeg,200239,2014-04-30 23:46:34.294888,Louis-Schwizgebel_Edkin05.jpg,image/jpeg,248187,2014-04-30 23:46:34.897028,page26-1006-full.jpg,image/jpeg,3557458,2014-04-30 23:46:35.439508
"Adam Laloum, piano en récital, avec le soutien de la Fondation Engelberts pour les arts et la culture","Lundi 25 août, à 20h au château de Tannay",Adam Laloum,"Né en 1987, Adam Laloum remporte le 1er grand prix et le prix du public du concours Clara Haskil en 2009. Il sort son premier disque entièrement consacré à Brahms début 2011. L’année suivante, il est nominé aux Victoires de la Musique classique en tant que « révélation soliste instrumental de l’année » On a dit de lui que  plus qu'un fanatique d'exploits techniques, c'est à l'évidence un pianiste d’une très grande sensibilité, dans la lignée des Lupo et des Angelich. Adam Laloum qu’on a pu entendre notamment l‘an dernier à Verbier s’impose déjà comme un tout grand poète du piano.",2014-08-25 20:00:00,"---
- 'Brahms: Fantaisies op.116'
- 'Brahms: Intermezzi op.117'
- Entracte
- 'Schumann: Scènes d''enfant op.15'
- 'Prokofiev: Contes de la Vieille Grand-Mère'
- 'Prokofiev: Sonate n°7'
",2014-04-14 17:30:12.506081,2014-08-25 11:13:01.447061,Adam_Laloum_2_-_Photo_Carole_Bellaiche_©_Mirare.jpg,image/jpeg,1230049,2014-04-14 17:30:11.404593,Adam_Laloum_2_-_Photo_Carole_Bellaiche_©_Mirare.jpg,image/jpeg,1230049,2014-04-14 17:30:11.97003,,,,
"Marco Polo et la Princess de Chine par l'ensemble Intermezzo, musiciens de l'OCG sous la direction d'Ahmed Hamdy avec la collaboration du récitant Joan Mompart et du chœur d'enfants du Conservatoire de l'Ouest vaudois","Samedi 29 août, à 16h30. Concert gratuit à l'intention des enfants et des familles",Ensemble Intermezzo,"Opéra pour enfants, d'Isabelle Aboulker, avec l'ensemble Intermezzo, sous la direction de Ahmed Hamdy, avec la collaboration du récitant Joan Mompart et du chœur d'enfants du COV (Conservatoire de l'Ouest vaudois).",2015-08-29 16:30:00,"--- []
",2015-05-05 11:31:42.936585,2015-05-29 14:58:56.321888,320px-Marco_Polo_traveling.jpg,image/jpeg,20672,2015-05-05 11:31:41.082345,_DSF1045-1.jpg,image/jpeg,187746,2015-05-05 11:31:42.058499,,,,
"Alexandra Conunova et la Camerata Bern sous la direction de Susan Meesung Hong Coleman, premier violon","Vendredi 28 août, à 20h.",Alexandra Conunova,"Premier Prix au Concours International Joseph Joachim Hannover 2012 Alexandra Conunova a focalisé les attentions de la critique musicale et du public après avoir reçu le Premier Prix au Concours International Joseph Joachim Hanover en 2012, concours de violon universellement reconnu comme l’un des plus prestigieux. En cette occasion, le jury a loué sa vivacité expressive et son art dramatique hautement virtuose. De son côté le Hannover Allgemeine Zeitung a salué la grande richesse de ses sonorités. ",2015-08-28 20:00:00,"---
- Wolfgang Amadeus Mozart (1756 -1791)
- Symphonie salzbourgeoise en ré majeur, KV 136
- Félix Mendelssohn (1809-1847)
- Concerto pour violon en ré mineur
- Franz Schubert (1797-1828)
- «La Jeune fille et la mort», Quatuor en ré mineur, D. 810
",2015-05-05 11:24:13.474935,2015-07-21 23:23:56.510581,DSC_3811.JPG,image/jpeg,4145892,2015-05-05 11:24:06.415499,DSC_3811.JPG,image/jpeg,4145892,2015-05-05 11:24:09.801172,Zaimont-Camerata-Bern1.jpg,image/jpeg,88151,2015-05-05 11:24:12.862905
"Boris Berezovsky, piano en récital","Samedi 29 août, à 20h.",Boris Berezovsky,"« Nous avons ici, probablement, le meilleur successeur des plus grands pianistes russes. » Gramophone (Magazine). Boris Berezovsky, doté d’une finesse et d’une sensibilité unique, est sans nul doute l’un des plus grands musiciens actuels.",2015-08-29 20:00:00,"---
- Edvard Grieg (1843-1907)
- Sonate en mi mineur op. 7
- Edvard Grieg (1843-1907)
- Sept pièces lyriques
- Igor Stravinsky (1882-1971)
- «Petrouchka»
- Alexandre Borodin (1833-1887)
- Petite Suite
- Mily Balakirev (1837-1910)
- Islamey
",2015-05-05 11:38:02.038051,2015-08-29 07:29:52.315308,409.jpg,image/jpeg,83593,2015-05-05 11:37:59.521788,409.jpg,image/jpeg,83593,2015-05-05 11:38:00.511098,,,,
"Anne Gastinel, violoncelle, et l'Orchestre des Pays de Savoie « Vienne 1800 » sous la direction de Nicolas Chalvin","Dimanche 30 août, à 17h.",Anne Gastinel,"Anne Gastinel commence le violoncelle à l’âge de 4 ans. Elle entre au CNSM de Lyon à seulement 11 ans. Elle y remporte le Premier Prix en 1986 et est admise la même année en troisième cycle au CNSM de Paris. Yo-Yo Ma, János Starker et Paul Tortelier, auprès desquels elle se perfectionne et qui marqueront profondément son évolution personnelle et musicale, reconnaissent déjà en elle la maturité d’une artiste à part. Elle remporte de nombreux prix dans les grands concours internationaux (Scheveningen, Prague, Rostropovitch) et commence dès lors à se produire dans toute l’Europe, définitivement révélée au grand public lors du Concours Eurovision 1990.",2015-08-30 17:00:00,"---
- Wolfgang Amadeus Mozarzt(1756-1791)
- Contredanse en ré majeur, K. 534 « Das Donnerwetter »
- Joseph Haydn (1732-1809)
- Concerto pour violoncelle n°2 en ré majeur VII.2
- Wolfgang Amadeus Mozart (1756 -1791)
- Contredanse en do majeur, K. 587 « Der Sieg vom Helden Coburg »
- Franz Schubert (1797-1828)
- Symphonie n°5 en si bémol majeur, D.485
- Edward Elgar (1857-1934)
- Sérénade pour cordes en mi mineur, op. 20
",2015-05-05 11:42:49.476762,2015-07-21 23:09:41.295446,gastinel.jpg,image/jpeg,57120,2015-05-05 11:42:46.745834,gastinel.jpg,image/jpeg,57120,2015-05-05 11:42:47.872229,opsensemble-arbres01-g-mirat-site-747.jpg,image/jpeg,83177,2015-05-05 11:42:48.861261
